,id,name,genre,composer_id,popularity
0,5XH4I94l2ZyBlA9pB5FAlK,"Générique de fin, Dancing in Jaffa",['french soundtrack'],5qtybJzm3AeeHlABbAaqTC,0
1,3tJUcLIzEW7jXWR6LFFPLj,"Les bords du gange, Le grand jour",['french soundtrack'],5qtybJzm3AeeHlABbAaqTC,0
2,5FPFwymFgzcIvAuzfqdTwx,"Générique de début, Les misérables",['french soundtrack'],5qtybJzm3AeeHlABbAaqTC,2
3,72FY2lq2awOURdaDCtiTaW,Blanc comme neige I,['french soundtrack'],5qtybJzm3AeeHlABbAaqTC,0
4,26dHq3RQ5o3mY8md7VXnS7,Le système de Ponzi I,['french soundtrack'],5qtybJzm3AeeHlABbAaqTC,0
5,5WGp9CurdcrZL4CN7NKH7H,"Le grand jour, La fontaine",['french soundtrack'],5qtybJzm3AeeHlABbAaqTC,0
6,5DvWgARpXxvYC27Ooajexl,Les ombres,['french soundtrack'],5qtybJzm3AeeHlABbAaqTC,0
7,5kopGeQPuBy36DWEDbwCDd,Le passe-muraille,['french soundtrack'],5qtybJzm3AeeHlABbAaqTC,0
8,1ogYEcnY8DG9hq5jcsBo5U,Les naufrageurs,['french soundtrack'],5qtybJzm3AeeHlABbAaqTC,0
9,2LVDagSbrjkmFnB9tm4SYm,"Le grand jour, Tom et les animaux",['french soundtrack'],5qtybJzm3AeeHlABbAaqTC,0
10,0xHtSSYijAt1wFOmz5iXBF,Millenium 3,['french soundtrack'],5qtybJzm3AeeHlABbAaqTC,0
11,5vsDk9S76hfeX5nwta5v0l,Générique de fin: Les dissidents,['french soundtrack'],5qtybJzm3AeeHlABbAaqTC,0
12,4YhwzL1FySYgNgBbybqYVZ,"Le grand jour, L'entrainement d'Albert",['french soundtrack'],5qtybJzm3AeeHlABbAaqTC,0
13,3IvJeS8PrU2HTSTINRKY2J,Dancing in Jaffa,['french soundtrack'],5qtybJzm3AeeHlABbAaqTC,0
14,1lmCJmWmxXMYiwppkaiaS1,"Thème, Lanester, Pt. 2",['french soundtrack'],5qtybJzm3AeeHlABbAaqTC,0
15,6OOaF0X46bysbX6Vs2Cx67,"Thème, Lanester, Pt. 1",['french soundtrack'],5qtybJzm3AeeHlABbAaqTC,0
16,5zwU4sXCkhP6qhoULnAQXB,Blanc comme neige II,['french soundtrack'],5qtybJzm3AeeHlABbAaqTC,0
17,28AOKSIap5MFBsClV3Fj1m,Le grand jour,['french soundtrack'],5qtybJzm3AeeHlABbAaqTC,0
18,72ohThwrjBBo4IrgDFlxoz,Le système de Ponzi II,['french soundtrack'],5qtybJzm3AeeHlABbAaqTC,0
19,19thU4brKXmF2MTezzvULw,Générique de fin: Le grand jour,['french soundtrack'],5qtybJzm3AeeHlABbAaqTC,0
20,5ij5dlCzf0CWdKUuNN21l8,Générique début,['french soundtrack'],5qtybJzm3AeeHlABbAaqTC,3
21,6CiMVYi0TgvXZOMdctIZvu,De Cuba en Mongolie,['french soundtrack'],5qtybJzm3AeeHlABbAaqTC,0
22,14thDBQTWeSp9Z7RvCnKCo,Tom et les aigles,['french soundtrack'],5qtybJzm3AeeHlABbAaqTC,0
23,3rp1w6dPzttcr4jSwLciQo,Les bords du Gange,['french soundtrack'],5qtybJzm3AeeHlABbAaqTC,0
24,2CUhAtaJGrGEPo0n8ravmY,Le Super 30,['french soundtrack'],5qtybJzm3AeeHlABbAaqTC,0
25,2EtVVceFoltIATL0B12sjM,Promenade en Ouganda,['french soundtrack'],5qtybJzm3AeeHlABbAaqTC,0
26,5wOQEExTsUP79yKzy6Uz4A,La tristesse d'Albert,['french soundtrack'],5qtybJzm3AeeHlABbAaqTC,0
27,7ovQbqhjkx5uzrLhpqLkVN,La fontaine,['french soundtrack'],5qtybJzm3AeeHlABbAaqTC,0
28,2qa87rCRS5aelj0ZpJA0yU,Deegii et sa grand-mère,['french soundtrack'],5qtybJzm3AeeHlABbAaqTC,0
29,5TWbX8bWIiPZMpFnpCIRhK,L'entrainement d'Albert,['french soundtrack'],5qtybJzm3AeeHlABbAaqTC,0
30,2OFiHMg5cCZRiVZQaDblfn,Tom et les animaux,['french soundtrack'],5qtybJzm3AeeHlABbAaqTC,0
31,6NmILU1cCcgpFydpaKC8lo,Albert et Roberto,['french soundtrack'],5qtybJzm3AeeHlABbAaqTC,0
32,30zWkIli43HH5YNyROBdNg,Nidhi étudie,['french soundtrack'],5qtybJzm3AeeHlABbAaqTC,0
33,50J9RH2ls6VUg1LfLuW3Q5,La veille du grand jour,['french soundtrack'],5qtybJzm3AeeHlABbAaqTC,0
34,5giKx1I6k92U1UjFUy2njP,Le ballet des petites filles,['french soundtrack'],5qtybJzm3AeeHlABbAaqTC,0
35,0MMgI7RFvEsSkFD7u4iBAJ,L'épreuve de Deegii,['french soundtrack'],5qtybJzm3AeeHlABbAaqTC,0
36,48ioN9GQGXw6OSvxdd2v0Q,Le gagnant du match,['french soundtrack'],5qtybJzm3AeeHlABbAaqTC,0
37,2d3qb1yziHTUHlUVZfpcxQ,Le résultat de Nidhi,['french soundtrack'],5qtybJzm3AeeHlABbAaqTC,0
38,5fklVpQaWX9viSw2EYPEDV,Tom et ses doutes,['french soundtrack'],5qtybJzm3AeeHlABbAaqTC,0
39,4p896Yirav9dG5CRa1qfyC,Tom en famille,['french soundtrack'],5qtybJzm3AeeHlABbAaqTC,0
40,6BmUEOZaRGe7K7tbVRt1M0,Le dernier trappeur - Générique début,['french soundtrack'],5qtybJzm3AeeHlABbAaqTC,17
41,4d6DhRGpXsWp15n95mxXsP,Ne te retourne pas - Mt,['french soundtrack'],5qtybJzm3AeeHlABbAaqTC,1
42,3oBhapQvjsluELHrmoEPwV,The Fall - The Attack,['french soundtrack'],5qtybJzm3AeeHlABbAaqTC,3
43,6htMLe6TXiZLQ6zd2DU6sG,Je l'aimais - Thème,['french soundtrack'],5qtybJzm3AeeHlABbAaqTC,5
44,2kWwCp2YiGYAOqBLOCcuN4,The Fall - The Wedding,['french soundtrack'],5qtybJzm3AeeHlABbAaqTC,5
45,2OOhHGBi4OzAPQic15efdf,Contre enquête - Revelations,['french soundtrack'],5qtybJzm3AeeHlABbAaqTC,1
46,0kS3n5m8uyVdx86GXbBkUo,L'envol - M7,['french soundtrack'],5qtybJzm3AeeHlABbAaqTC,1
47,5SruGo7WsmfnUh6a0IzsQ6,Au bout du monde à gauche - Les sorcières,['french soundtrack'],5qtybJzm3AeeHlABbAaqTC,0
48,1CNonj0sueu9ZczduBPXlD,Artemisia - Générique début,['french soundtrack'],5qtybJzm3AeeHlABbAaqTC,3
49,3MS9RV2JqSv09JbEOUwtme,Le nouveau protocole - Davos,['french soundtrack'],5qtybJzm3AeeHlABbAaqTC,0
50,5ZXef1PaWAksFlA6hI9wmv,The Fall - The Princess,['french soundtrack'],5qtybJzm3AeeHlABbAaqTC,7
51,5tSotvJio6fLOUvoY39EKJ,Je suis un assassin - La descente aux enfers,['french soundtrack'],5qtybJzm3AeeHlABbAaqTC,0
52,10uyG1qgMB3hOlOHL6kriP,8 femmes - Générique début,['french soundtrack'],5qtybJzm3AeeHlABbAaqTC,9
53,38wK4tOHqXQD3AWS6oecEA,Loup - Générique de fin,['french soundtrack'],5qtybJzm3AeeHlABbAaqTC,4
54,25Q1eSpYSrvnswi4wE8mZ9,"1,2,3 voleurs - M6",['french soundtrack'],5qtybJzm3AeeHlABbAaqTC,0
55,3faYjiaI1amoaGYsyX3l4m,Ne te retourne pas - Souvenirs,['french soundtrack'],5qtybJzm3AeeHlABbAaqTC,0
56,2HiP3AEUG2Wqxm2rswdBNe,Morbüro - Thème,['french soundtrack'],5qtybJzm3AeeHlABbAaqTC,0
57,6SxIQwrkBVLBIPJLWFoRUW,Les Hauts Alpages,['french soundtrack'],5qtybJzm3AeeHlABbAaqTC,1
58,3tASxW8oXg7QJ1Ir9JVA4L,Le Clan De Batagaï,['french soundtrack'],5qtybJzm3AeeHlABbAaqTC,1
59,4UJfHD0eEefFKVlWKMmbCW,La Grande Harde,['french soundtrack'],5qtybJzm3AeeHlABbAaqTC,2
60,0G0Wqg42WbfiqhtnoabxjE,La Perte De La Harde,['french soundtrack'],5qtybJzm3AeeHlABbAaqTC,1
61,2ANm59TBCPSlDtRMsoTce0,Les Louveteaux,['french soundtrack'],5qtybJzm3AeeHlABbAaqTC,0
62,6I1lF8ImHKZx38VXzQg54h,La Tanière,['french soundtrack'],5qtybJzm3AeeHlABbAaqTC,0
63,7nyRlCxbP8AFDyHK1FYh15,La Rencontre,['french soundtrack'],5qtybJzm3AeeHlABbAaqTC,2
64,6jC7Q8z677IO26xxkxrL0T,Soupçons,['french soundtrack'],5qtybJzm3AeeHlABbAaqTC,1
65,57GoGvQj4Be9QVC57vmOMG,Le Grand Mâle,['french soundtrack'],5qtybJzm3AeeHlABbAaqTC,1
66,6oTSGKpUhz5C6Pu6N8yM1C,La Poursuite,['french soundtrack'],5qtybJzm3AeeHlABbAaqTC,0
67,4ZMW3WSlsstyYyTWgBD7Ow,Nastazia Et Sergueï,['french soundtrack'],5qtybJzm3AeeHlABbAaqTC,0
68,2FcTWYo7gJGmDqRMARchoX,L'odyssée Des Loups,['french soundtrack'],5qtybJzm3AeeHlABbAaqTC,1
69,6MKmnxoDBNRtO2DBzvuxIe,Immensités Blanches,['french soundtrack'],5qtybJzm3AeeHlABbAaqTC,0
70,7BiaiYxrk0eQ96PRZxSKcU,Transhumance,['french soundtrack'],5qtybJzm3AeeHlABbAaqTC,1
71,5OG2ePdGJ7qB4uT7j19Ycx,La Chasse Aux Loups,['french soundtrack'],5qtybJzm3AeeHlABbAaqTC,0
72,3otYZILQNL3PAwLIwQGra0,Les Chemins Se Séparent,['french soundtrack'],5qtybJzm3AeeHlABbAaqTC,0
73,5TV3RKrfYG4rLCn78RGbJ6,Les Monts Verkoïansk,['french soundtrack'],5qtybJzm3AeeHlABbAaqTC,0
74,37gDJ4BgI4MLVojwUERKEF,L'attaque Des Loups,['french soundtrack'],5qtybJzm3AeeHlABbAaqTC,0
75,0MdLVLaeIbVlVag5O6ypT2,Le Chamane,['french soundtrack'],5qtybJzm3AeeHlABbAaqTC,0
76,30ltvTJtYMx2QHTTaVR0yd,Le Grand Voyage,['french soundtrack'],5qtybJzm3AeeHlABbAaqTC,0
77,3WU5jPXPp3aKCM8EEmGWCj,Le guetteur thème au piano,['french soundtrack'],5qtybJzm3AeeHlABbAaqTC,0
78,6COX1mMKlWJBlfcsKE56pd,Serena,['french soundtrack'],5qtybJzm3AeeHlABbAaqTC,0
79,76db3saffOkP7WbT23ERgE,Un homme idéal,['french soundtrack'],5qtybJzm3AeeHlABbAaqTC,0
80,49Qfdje7UBOJzPyP3Kbn4Z,La jeune fille,['french soundtrack'],5qtybJzm3AeeHlABbAaqTC,0
81,4axtB99pwgX0bgZStsADlR,L'Ambassade de Bonn,[],3P6eIykPcDZ5UpFfUluH7Z,0
82,5LzhG9If5Ig3OZGZ0m6UTw,Mathias Figure,[],3P6eIykPcDZ5UpFfUluH7Z,0
83,3DF6AWZ5pgpsFgMCTIAh0S,"""Als Luisa die Briefe""","['classical', 'classical era']",4NJhFmfw43RLBLjQvxDuRS,0
84,2YMLgb83gvROGU1PQO2lXs,La Guerre,[],3P6eIykPcDZ5UpFfUluH7Z,0
85,0TbTdWn1K9WNMtDWw4MuOc,Marie,[],3P6eIykPcDZ5UpFfUluH7Z,0
86,2ckytgNxzO9PQXM5pBD0Dk,Le Duo des Chats,"['classical', 'italian opera', 'italian romanticism']",0roWUeP7Ac4yK4VN6L2gF4,16
87,1OeP5HtOfsjXVa3goQ0NaT,To be... or not,[],3P6eIykPcDZ5UpFfUluH7Z,1
88,7dxbQCvzHbUrCCNn6Ggjke,"""Lasciate me morite""","['baroque', 'classical', 'early music', 'italian baroque', 'italian renaissance', 'madrigal', 'renaissance']",5iAhVgz6P8Nylxijb0C65v,1
89,34tN0mfoKfFtKRfD2aFK2k,Generique Fin,[],3P6eIykPcDZ5UpFfUluH7Z,0
90,03xUfoUtln1sc2wgAK8oqI,Introduction,[],3P6eIykPcDZ5UpFfUluH7Z,0
91,5NEXAgid5pHvIq4KnvGnpH,Retour a la Maison,[],3P6eIykPcDZ5UpFfUluH7Z,0
92,776qCjoPuhNqIXAR1fCK07,Non so piu oosa son,"['classical', 'classical era']",4NJhFmfw43RLBLjQvxDuRS,0
93,1qwZ1QhXCICKFa0ooidEWF,La Marche Finale,[],3P6eIykPcDZ5UpFfUluH7Z,0
94,1KOmxKkzea9pEN59xfWEUF,Prologue,['french soundtrack'],5qtybJzm3AeeHlABbAaqTC,1
95,1Xd1aQzQYnZ6QPeULcmzP6,Le depart a la campagne,['french soundtrack'],5qtybJzm3AeeHlABbAaqTC,2
96,0hA3QK1Z5gxlWU5WIiHSci,Deux amis,['french soundtrack'],5qtybJzm3AeeHlABbAaqTC,2
97,50tEK3rrbLiqBrWgvk6AZB,Agoraphobie,['french soundtrack'],5qtybJzm3AeeHlABbAaqTC,0
98,73G6OjUuSpiYeFAah8IZCw,Sonate12 ut majeur Allemanda Allegro,"['baroque', 'classical', 'early music', 'italian baroque']",2QOIawHpSlOwXDvSqQ9YJR,0
99,5LQcAh9Mss5922T5cPSfeY,Le mentre joyeux,['french soundtrack'],5qtybJzm3AeeHlABbAaqTC,0
100,1bCUMpWCipUy2KKzL4hlp2,Le revell d'Esther,['french soundtrack'],5qtybJzm3AeeHlABbAaqTC,0
